{
  "materials/notes/Final Exam Details.md": 1775609799.9403636,
  "materials/labs/Set_A_COMP-4736_Lab5.pdf": 1775610456.8607912,
  "materials/labs/Set_A_COMP-4736_Lab7.pdf": 1775610454.9449468,
  "materials/labs/Lab02.pdf": 1775609363.1401293,
  "materials/labs/Lab01.pdf": 1775609341.2252538,
  "materials/labs/Lab04.pdf": 1775609388.8599205,
  "materials/labs/Lab06.pdf": 1775609409.3363407,
  "materials/labs/Lab08.pdf": 1775609428.2032237,
  "materials/labs/Lab09.pdf": 1775609444.5871346,
  "materials/labs/Set_A_COMP-4736_Lab10.pdf": 1775610451.659224,
  "materials/slides/Part_8_IPC_2.pdf": 1749109478.0,
  "materials/slides/Part_5_system_call.pdf": 1770788096.0,
  "materials/slides/Part_10_memory.pdf": 1752824850.0,
  "materials/slides/Semphore.pdf": 1676872784.0,
  "materials/slides/Part_4_Threads.pdf": 1727758228.0,
  "materials/slides/Part_1_Introduction.pdf": 1756773962.0,
  "materials/slides/Part_3_Processes.pdf": 1749107934.0,
  "materials/slides/Part_1_Introduction_reduced.pdf": 1706919670.0,
  "materials/slides/Part_6_7_IPC_1.pdf": 1771156986.0,
  "materials/slides/Part_2_OS_Structures_and_Clocks.pdf": 1749019298.0,
  "materials/slides/Part_9_Deadlock.pdf": 1762954112.0,
  "materials/syllabus/Course_Outlines_Comp4736.pdf": 1767761534.0,
  "materials/notes/ChatGPT.pdf": 1768903360.0,
  "materials/past-exams/Final_exam_practice_Sol.pdf": 1764066978.0,
  "materials/past-exams/Final_exam_practice.pdf": 1764066978.0,
  "materials/notes/att.jpg": 1756775576.0
}