{
  "materials/past-exams/midterm.md": 1775692286.6301513,
  "materials/labs/Windows Lab 1.pdf": 1775692288.6774368,
  "materials/labs/Lab1.pdf": 1775692288.6596463,
  "materials/labs/Windows Lab 2.pdf": 1775692288.6847744,
  "materials/labs/Lab3.pdf": 1775692288.662149,
  "materials/labs/Lab2.pdf": 1775692288.661262,
  "materials/labs/Windows Lab 3.pdf": 1775692288.6910858,
  "materials/labs/Lab6.pdf": 1775692288.66355,
  "materials/labs/Lab7.pdf": 1775692288.6641324,
  "materials/labs/Windows Lab 1 Activities.pdf": 1775692288.6759162,
  "materials/labs/Lab4.pdf": 1775692288.6627913,
  "materials/labs/Windows Lab 3 Activities.pdf": 1775692288.6903179,
  "materials/labs/Lab10.pdf": 1775692288.6604378,
  "materials/labs/Windows Lab 2 Activities.pdf": 1775692288.6841497,
  "materials/labs/Lab9.pdf": 1775692288.6652868,
  "materials/labs/Lab8.pdf": 1775692288.6646416,
  "materials/slides/Mod10C Build a Pod.pdf": 1775692284.8008177,
  "materials/slides/Mod10A Containers, Pods and Kubernetes.pdf": 1775692284.7993488,
  "materials/slides/Mod07 Sendmail Ch20 NIS LDAP Ch21 NFS Ch22 Samba Ch23.pdf": 1775692284.7965405,
  "materials/slides/Mod10D CGroups.pdf": 1775692284.8016155,
  "materials/slides/Mod09 shell programming ch 28.pdf": 1775692284.7983627,
  "materials/slides/Mod08 DNS Ch24 iptables ch25 Apache ch26.pdf": 1775692284.7975662,
  "materials/slides/Mod05 System Admin core ch 10,11.pdf": 1775692284.7931707,
  "materials/slides/Mod04 Bourne Again Shell ch9.pdf": 1775692284.7925367,
  "materials/slides/Mod01 introduction, shell ch1, 4, 5.pdf": 1775692284.7900422,
  "materials/slides/Mod06 Admin tasks ch15 SSH Ch18 FTP ch19.pdf": 1775692284.794069,
  "materials/slides/Mod10B Why the Pod.pdf": 1775692284.8000712,
  "materials/slides/Mod10E CNIS and Networking.pdf": 1775692284.8022966,
  "materials/slides/Mod03 Networking Basic Services ch8.pdf": 1775692284.791375,
  "materials/slides/Mod02 file system, utilities ch6, 7.pdf": 1775692284.7907596,
  "materials/notes/OnlineVirtualClassrooms.pdf": 1775692289.7133415,
  "materials/past-exams/Comp4915MidtermSamp.PDF": 1775692286.6343358,
  "materials/past-exams/Comp4915 Review.pdf": 1775692286.6385074
}